Session_ID,Session_Date,Phone_Number,UTM_Source,Landing_Page
ANON-WS-91595,03 Mar 2026,+91-92242611722,WhatsApp_Button,24framesphotography.com/
ANON-WS-33110,26th Oct 2025,+91-31991722311,Google_Search_Brand,24framesphotography.com/contact
ANON-WS-73515,11 Jun 2025,+91-88454394810,Organic_Search,24framesphotography.com/
ANON-WS-22490,31st Aug 2025,+91-96993013694,Google_Search_Brand,24framesphotography.com/portfolio
ANON-WS-56811,26/01/26,+91-60090447693,WhatsApp_Button,24framesphotography.com/contact
ANON-WS-31108,2026-01-04,+91-25749793384,Google_Search_Brand,24framesphotography.com/portfolio
ANON-WS-57374,30/07/25,+91-96164079807,Google_Search_Brand,24framesphotography.com/
ANON-WS-98072,2026-03-05,+91-45211530005,WhatsApp_Button,24framesphotography.com/portfolio
ANON-WS-96249,30th Jun 2025,+91-43674834416,Google_Search_Brand,24framesphotography.com/contact
ANON-WS-70897,23/07,+91-80889892517,Google_Search_Brand,24framesphotography.com/portfolio
ANON-WS-47137,16 Mar 2026,+91-93378898472,WhatsApp_Button,24framesphotography.com/contact
ANON-WS-47592,29 Oct 2025,+91-96730619068,WhatsApp_Button,24framesphotography.com/contact
ANON-WS-42972,23rd Mar 2026,+91-58119724383,Organic_Search,24framesphotography.com/portfolio
ANON-WS-57050,05/06/25,+91-71946997566,Organic_Search,24framesphotography.com/contact
ANON-WS-34220,01/02/26,+91-36144783244,Google_Search_Brand,24framesphotography.com/contact
ANON-WS-52469,23rd Jun 2025,+91-25351489190,Organic_Search,24framesphotography.com/contact
ANON-WS-34040,09/02/26,+91-53206481719,WhatsApp_Button,24framesphotography.com/contact
ANON-WS-80549,2025-07-05,+91-89831244338,WhatsApp_Button,24framesphotography.com/portfolio
ANON-WS-82136,21st Feb 2026,+91-24009365257,WhatsApp_Button,24framesphotography.com/contact
ANON-WS-82780,5th Aug 2025,+91-79563049307,Organic_Search,24framesphotography.com/contact
ANON-WS-52584,13th Dec 2025,+91-67740358206,Organic_Search,24framesphotography.com/portfolio
ANON-WS-25015,20/08,+91-21609117246,WhatsApp_Button,24framesphotography.com/portfolio
ANON-WS-96816,19/03,+91-33471488384,WhatsApp_Button,24framesphotography.com/contact
ANON-WS-84825,2026-04-08,+91-05422163700,Direct_URL,24framesphotography.com/portfolio
ANON-WS-44490,23/01/26,+91-48206127716,Google_Search_Brand,24framesphotography.com/
ANON-WS-47666,11th Jul 2025,+91-12799680105,WhatsApp_Button,24framesphotography.com/contact
ANON-WS-12167,2026-01-16,+91-70481248259,WhatsApp_Button,24framesphotography.com/portfolio
ANON-WS-21714,2026-01-19,+91-69596462227,Organic_Search,24framesphotography.com/
ANON-WS-16202,19/09,+91-85474023593,Organic_Search,24framesphotography.com/contact
ANON-WS-11094,19 Nov 2025,+91-99846042400,Google_Search_Brand,24framesphotography.com/
ANON-WS-68983,02 Apr 2026,+91-63413686014,Organic_Search,24framesphotography.com/portfolio
ANON-WS-86193,5th Oct 2025,+91-27723535549,WhatsApp_Button,24framesphotography.com/portfolio
ANON-WS-69491,29 Dec 2025,+91-09464442220,Google_Search_Brand,24framesphotography.com/
ANON-WS-12345,26th Dec 2025,+91-01561235552,WhatsApp_Button,24framesphotography.com/contact
ANON-WS-79668,17/06,+91-67498718336,WhatsApp_Button,24framesphotography.com/portfolio
ANON-WS-54844,15/11/25,+91-74771677838,Google_Search_Brand,24framesphotography.com/
ANON-WS-58240,23/01/26,+91-70972800160,WhatsApp_Button,24framesphotography.com/contact
ANON-WS-79022,11th Oct 2025,+91-23369596451,WhatsApp_Button,24framesphotography.com/portfolio
ANON-WS-41160,2025-06-29,+91-88417114936,WhatsApp_Button,24framesphotography.com/portfolio
ANON-WS-34411,18 Aug 2025,+91-70423129126,Google_Search_Brand,24framesphotography.com/portfolio
ANON-WS-85376,9th Mar 2026,+91-47102435818,WhatsApp_Button,24framesphotography.com/contact
ANON-WS-44408,13th Jul 2025,+91-56508982998,Google_Search_Brand,24framesphotography.com/portfolio
ANON-WS-24835,28/03/26,+91-37257440657,Organic_Search,24framesphotography.com/portfolio
ANON-WS-96190,17/02/26,+91-89540634330,Direct_URL,24framesphotography.com/contact
ANON-WS-56102,2025-08-21,+91-57475856179,Organic_Search,24framesphotography.com/
ANON-WS-17685,8th Jun 2025,+91-22437387689,WhatsApp_Button,24framesphotography.com/portfolio
ANON-WS-99510,25th Jul 2025,+91-42017206791,WhatsApp_Button,24framesphotography.com/contact
ANON-WS-87401,26/09/25,+91-32805184744,Organic_Search,24framesphotography.com/
ANON-WS-66734,11/11/25,+91-79019576919,Google_Search_Brand,24framesphotography.com/portfolio
ANON-WS-48404,11/03/26,+91-84002603005,Organic_Search,24framesphotography.com/portfolio
ANON-WS-70202,06/02,+91-01649727223,Direct_URL,24framesphotography.com/portfolio
ANON-WS-84406,03/07/25,+91-23482489237,WhatsApp_Button,24framesphotography.com/
ANON-WS-37227,27/02/26,+91-96478556876,Organic_Search,24framesphotography.com/
ANON-WS-54573,2026-01-13,+91-31225376543,Google_Search_Brand,24framesphotography.com/portfolio
ANON-WS-67883,2025-09-26,+91-60410246525,WhatsApp_Button,24framesphotography.com/
ANON-WS-47329,31 Jul 2025,+91-10839671572,Organic_Search,24framesphotography.com/contact
ANON-WS-77728,2025-11-25,+91-62311077858,Organic_Search,24framesphotography.com/contact
ANON-WS-85857,2025-10-08,+91-27019673830,Google_Search_Brand,24framesphotography.com/portfolio
ANON-WS-58572,23/08/25,+91-79154864731,Google_Search_Brand,24framesphotography.com/portfolio
ANON-WS-22781,02/03/26,+91-30099403194,Direct_URL,24framesphotography.com/portfolio
ANON-WS-61288,17 Feb 2026,+91-76355568922,Organic_Search,24framesphotography.com/contact
ANON-WS-50295,01/03,+91-13595988429,WhatsApp_Button,24framesphotography.com/portfolio
ANON-WS-89694,26/07/25,+91-16935060069,WhatsApp_Button,24framesphotography.com/
ANON-WS-95949,21st Dec 2025,+91-53436350317,WhatsApp_Button,24framesphotography.com/
ANON-WS-86211,06/06,+91-57902891309,Google_Search_Brand,24framesphotography.com/
ANON-WS-12351,03/09/25,+91-96757601778,Organic_Search,24framesphotography.com/contact
ANON-WS-67183,4th Oct 2025,+91-69842896457,Google_Search_Brand,24framesphotography.com/portfolio
ANON-WS-27037,13/10/25,+91-54176590845,WhatsApp_Button,24framesphotography.com/
ANON-WS-95568,04 Apr 2026,+91-32503502663,Direct_URL,24framesphotography.com/contact
ANON-WS-35273,08 Feb 2026,+91-87092059983,Organic_Search,24framesphotography.com/contact
ANON-WS-53928,8th Oct 2025,+91-29272315763,WhatsApp_Button,24framesphotography.com/portfolio
ANON-WS-18136,06/11,+91-79215200118,Organic_Search,24framesphotography.com/portfolio
ANON-WS-69122,25/12,+91-78846554981,Google_Search_Brand,24framesphotography.com/
ANON-WS-66473,08/01/26,+91-18610281392,Google_Search_Brand,24framesphotography.com/contact
ANON-WS-70919,2026-01-08,+91-25264229851,Google_Search_Brand,24framesphotography.com/
ANON-WS-29045,22/10/25,+91-80370323086,Google_Search_Brand,24framesphotography.com/
ANON-WS-84191,2025-08-30,+91-09841260201,Organic_Search,24framesphotography.com/portfolio
ANON-WS-70897,4th Sep 2025,+91-22986091934,Google_Search_Brand,24framesphotography.com/contact
ANON-WS-56667,3rd Dec 2025,+91-29434961245,WhatsApp_Button,24framesphotography.com/
ANON-WS-71090,14/12,+91-14603880635,Google_Search_Brand,24framesphotography.com/portfolio
ANON-WS-25828,2025-06-21,+91-16976702367,WhatsApp_Button,24framesphotography.com/portfolio
ANON-WS-39531,15/01/26,+91-89348786415,WhatsApp_Button,24framesphotography.com/contact
ANON-WS-67008,30 Aug 2025,+91-74768995298,Organic_Search,24framesphotography.com/
ANON-WS-55451,27 Dec 2025,+91-70856916040,Google_Search_Brand,24framesphotography.com/contact
ANON-WS-31930,2026-02-03,+91-87061056631,Organic_Search,24framesphotography.com/
ANON-WS-70433,17/08/25,+91-65350541957,Google_Search_Brand,24framesphotography.com/
ANON-WS-22686,23/11,+91-73729152975,WhatsApp_Button,24framesphotography.com/
ANON-WS-31481,10th Nov 2025,+91-93254631473,Direct_URL,24framesphotography.com/contact
ANON-WS-23907,11/08,+91-74011421891,WhatsApp_Button,24framesphotography.com/portfolio
ANON-WS-19432,2026-01-07,+91-26407245662,WhatsApp_Button,24framesphotography.com/contact
ANON-WS-65024,18/12/25,+91-76766968921,Organic_Search,24framesphotography.com/contact
ANON-WS-47165,12th Oct 2025,+91-48002863612,Google_Search_Brand,24framesphotography.com/
ANON-WS-34511,06/06/25,+91-89099121693,Google_Search_Brand,24framesphotography.com/portfolio
ANON-WS-48556,2025-06-17,+91-73075532629,Organic_Search,24framesphotography.com/contact
ANON-WS-92414,06 Jun 2025,+91-48029203492,WhatsApp_Button,24framesphotography.com/portfolio
ANON-WS-11777,27 Jun 2025,+91-95768693967,Google_Search_Brand,24framesphotography.com/contact
ANON-WS-18943,2025-11-15,+91-49366107053,Google_Search_Brand,24framesphotography.com/contact
ANON-WS-73800,2026-02-06,+91-11990650993,Google_Search_Brand,24framesphotography.com/contact
ANON-WS-42490,29 Jun 2025,+91-90063069899,Google_Search_Brand,24framesphotography.com/portfolio
ANON-WS-29024,16 Jul 2025,+91-38884511471,Google_Search_Brand,24framesphotography.com/
